Id,Title,Description,ReleaseYear,AgeCertification,Runtime,Genres,ProductionCountry,Seasons
1,Handmade Soft Computer Handcrafted Soft Soap Customer action-items sky blue,next generation SQL Vista convergence Hollow Lights ADP ADP Borders Integration Branch Ramp Avon Self-enabling withdrawal exuding AGP navigate optical Fresh,2020,E10+,58,Jazz,Lithuania,9
2,strategize District Lock IB Future,coherent user-centric Licensed monetize Gorgeous Soft Tuna tan Gorgeous Fantastic Granite Sausages adapter Berkshire open architecture Zimbabwe Ferry deliverables Granite withdrawal Center Auto Loan Account Flats Intelligent,2010,E10+,45,Jazz,Grenada,2
3,Buckinghamshire middleware Park Frozen visualize,Handcrafted Fresh Shoes Gorgeous port target COM standardization Knoll Incredible Cotton Chicken Forward Refined Granite Towels mobile Division Rubber feed Credit Card Account Unbranded Plastic Gloves Configuration Russian Federation reboot brand,1916,PG,82,Stage And Screen,Liberia,8
4,optical Fantastic Lodge Land middleware,"Concrete Pass relationships lavender South Dakota Gibraltar Pound Lead Awesome Soft Mouse Texas XML invoice Licensed Metal Tuna Applications Island Bond Markets Units European Composite Unit (EURCO) workforce Grocery, Grocery & Home Practical Plastic Chair Cambridgeshire Incredible",1914,E,48,Blues,Kiribati,9
5,Branding HTTP Automotive wireless Consultant,auxiliary Officer Auto Loan Account Senior Licensed open-source instruction set Mountains Gorgeous Generic Generic Soft Keyboard Refined Metal Table Customizable Operations violet Persistent transition User-centric Georgia Camp,1981,TV-MA,93,Soul,Japan,9
6,Engineer Rustic Parkway California Exclusive,moderator card sensor Berkshire Parkways Wooden Future Agent Denmark Handmade Soft Fish International Generic Minnesota Toys optical Producer vortals copy Guyana Dollar Innovative,1982,PG,136,Country,Sudan,2
7,connecting Lock sensor Ergonomic Wooden Chair Rubber,Games directional Uzbekistan 5th generation Grocery & Beauty fault-tolerant Unbranded Granite Computer benchmark Granite multi-byte transmitting Phased mission-critical calculate Generic French Polynesia wireless Borders Legacy primary,1914,TV-PG,74,Metal,Afghanistan,2
8,"Handcrafted Senior Executive Books, Industrial & Books Handmade",analyzer Intelligent navigating Creek engage throughput Personal Loan Account time-frame orange Rubber invoice payment Program client-driven deposit hub Handcrafted synthesize Outdoors calculate,2014,EC,27,Classical,Burkina Faso,4
9,synthesizing Minnesota technologies Handmade Granite Bacon transparent,superstructure Soft Berkshire Incredible Granite Bacon Developer Savings Account Turnpike Organized Investment Account Dynamic lavender Practical Frozen Soap reboot Sleek Shoal black XSS Soft HTTP auxiliary,2002,TV-Y,124,Folk,Uzbekistan,3
10,back up Tala Plastic Bedfordshire hybrid,Lithuanian Litas card mesh motivating Awesome Fresh Pants innovate Pine concept Refined Frozen Bike Idaho Ridges Lodge Configuration Extensions indigo wireless Administrator Future Officer generating,1926,18R,108,Rap,Falkland Islands (Malvinas),7
11,Generic Rubber Fish RAM interactive monitor collaborative,invoice Corporate structure deliver generating Utah Garden online payment haptic connecting invoice Circles compressing optical lime Incredible success Lesotho users,1942,TV-Y,37,Jazz,Bahamas,9
12,homogeneous Missouri Silver USB transmitting,synthesize Meadow Sleek hack Cuban Peso Convertible port Cambridgeshire Customer-focused users Unbranded Trafficway capability Florida Switchable ROI Generic Buckinghamshire Licensed Frozen Shoes auxiliary THX,1937,EC,144,Rock,American Samoa,9
